word,count
!,12
$1,55
$10,15
$100,17
$100!,1
$12,4
$125,5
$14,1
$140,2
$15,3
$150,28
$17,2
$18,6
$19,16
$2,40
$20,10
$200,7
$21,12
$24,2
$25,5
$250,5
$3,5
$30,1
$300,1
$350,4
$38,2
$4,7
$40,2
$400,9
$43,3
$45,4
$48,1
$5,23
$50,13
$500,11
$505,1
$51,1
$55,1
$58,10
$59,5
$6,20
$60,1
$68,1
$7,5
$70,2
$71,1
$75,3
$77,1
$79,1
$8,3
$800,3
$9,2
$900,2
0%,3
00,2
000,159
000%,1
1,17
1%,12
10,30
10%,9
100,23
100%,17
11,19
11%,6
112,4
118,1
11th,8
12,22
12%,1
128,1
1290,3
13,8
13%,2
130,4
14,11
14%,1
1400,1
147,1
14;,1
14th,4
15,28
15%,5
150,2
16,10
16%,1
16;,1
16th,9
17,17
17th,2
18,9
18%,3
185,1
186,1
18th,1
19,5
19%,1
1940s,1
1947,1
1950s,2
1962,1
1974,1
1978,1
1990s,1
1991,2
1993,1
1997,1
1st,3
1stand,1
2,27
2%,8
20,38
20%,14
200,4
2000,2
2001,2
2002,2
2003,3
2004,8
2005,1
2008,1
201,1
2011,1
2012,1
2013,3
2015,1
2016,6
2017,1
20s,2
21,6
21%,1
22,6
22%,1
2205,1
22kill,1
22s,1
23,7
232,1
24,21
24%,3
240,2
25,14
25%,11
250,1
26,1
26%,3
26th,1
27%,1
272,1
28,12
28%,3
28th,1
29,1
29%,2
2nd,4
3,12
3%,11
30,17
30%,7
300,4
301,1
30th,2
31,4
31%,2
31st,1
32,5
32%,5
33,2
33%,7
34,1
34%,1
35,11
35%,6
350,1
36,2
36%,1
37,2
37%,2
38,1
38%,1
39,1
39%,1
390,1
3d,1
4,15
4%,6
40,10
40%,4
400,4
40th,1
41%,6
42,4
42%,9
43%,1
44%,6
45,10
45%,6
46,5
46%,4
47%,1
48,1
48%,6
49,2
49%,1
5,53
5%,9
50,37
50%,11
500,12
500%,1
50s,2
51,1
51%,7
52%,1
52s,1
53%,4
540,1
55,9
55%,4
56,2
56th,2
57,1
57th,2
59,1
6,23
6%,4
60,9
60%,1
600,4
62,3
62%,4
63%,1
65,1
66,5
67%,1
68,1
68%,1
69,3
7,15
70,3
70%,3
73,1
737,1
747,1
75%,2
757,1
78%,1
79,3
8,2
8%,1
80,1
800,2
85,4
85%,1
8th,1
9,12
9%,6
90,2
90%,1
92,2
93,8
95,1
99,4
99%,3
:,1
@realdonaldtr,1
a,3637
aaa,4
ab,15
abandoned,2
abandonment,1
abbas,1
abc,2
abide,1
abiding,3
ability,11
able,53
abo,641
abolish,2
abolishing,3
abortion,1
above,13
abraham,2
abroad,2
absol,58
abysmal,1
academy,5
acc,6
accent,1
accept,4
accepting,2
access,5
accident,2
acco,13
accomplish,1
accomplished,4
accomplishment,1
accomplishments,2
according,11
achieve,4
achievement,7
achievements,1
achilles,1
across,25
act,180
acting,2
action,14
actions,7
active,1
activist,1
activists,2
activities,4
activity,1
acts,2
ad,19
ada,1
adam,6
add,16
added,4
addicted,1
adding,5
addition,2
additional,1
additionally,1
address,7
addressed,1
adds,1
adept,1
adj,1
adkins,1
administration,46
administrative,1
admire,1
admired,1
admissions,5
admit,13
admits,3
admitted,4
admitting,5
adopt,2
adr,1
ads,36
advantage,15
advent,1
adversaries,1
advertise,1
advertisements,1
advertising,5
advice,2
affairs,2
affect,1
affection,1
affects,3
affiliated,4
afford,11
afforded,1
affront,1
afghan,5
afghanistan,9
afghanistan;,1
afraid,12
african,6
after,112
afternoon,1
afterwards,2
again,242
again!,2
again;,1
against,91
again…,2
age,7
aged,1
agencies,1
agency,1
agenda,1
agent,2
agents,4
aggression,2
aggressive,2
aggressively,1
ago,156
agree,29
agreed,9
agreement,18
agreements,8
agrees,17
ah,3
ahead,25
aids,1
aimless,1
air,31
airb,1
aircraft,1
airline,1
airliners,1
airlines,1
airplane,3
airplanes,1
airport,6
airports,16
airports;,1
al,21
alabama,11
alb,1
alexander,1
alified,2
alities,1
ality,11
alive,1
all,821
all!,1
all;,1
allegiance,1
allen,1
allies,21
allow,26
allowed,41
allowing,4
ally,197
almost,66
alone,3
along,45
alongside,1
already,24
als,5
also,96
alternative,2
altho,11
altogether,2
always,112
alzheimer’s,1
am,78
amate,4
amazed,4
amazing,113
amazingly,4
amb,1
ambassador,6
amendment,51
amendments,1
america,177
american,88
americanism,1
americanism;,1
americans,45
americans’,1
american’s,2
americas,2
america’s,15
amo,29
among,13
amongst,1
amt,1
amvets,1
an,344
analyze,1
anchor,7
anchors,2
and,5431
ang,1
angeles,13
angels,1
anger,10
angle,1
angles,1
angrily,1
angry,16
ankle,1
ankles,1
anno,55
another,64
answer,23
answered,1
answers,1
antanamo,1
anti,9
antiq,1
any,132
anybody,88
anybody’s,6
anymore,86
anymore…and,1
anyone,22
anyone;,1
anything,110
anytime,2
anyway,18
anyways,12
anywhere,18
ap,1
apart,10
apartment,6
apartments,4
apologize,6
apologized,2
apologizing,1
apology,3
apparat,2
appla,15
apple,3
apples,3
applicants,2
application,1
applied,1
applies,1
apply,1
applying,3
appoint,1
appointed,1
appoints,1
appreciate,22
appreciated,2
appreciates,1
apprentice,15
approach,1
approaches,1
approaching,1
appropriate,6
approval,3
approve,12
approved,10
approves,1
approving,1
approximately,1
arab,1
arabia,23
arafat,1
arantee,15
aranteed,1
ard,2
ardia,2
ardian,1
ards,1
are,1073
are;,1
area,15
areas,9
aren,5
arena,3
arenas,3
arends,1
aren’t,41
ares,1
arg,4
arizona,5
arkansas,2
arm,6
armed,3
arms,2
army,3
aro,64
arpaio,2
arrange,1
arrested,1
arrived,2
arrogance,2
arrogant,1
arrow,2
arsenal,2
art,16
arter,1
arterback,4
arters,1
article,7
articles,1
artificial,1
artificially,1
ary,4
as,333
ashamed,5
asia,3
asian,1
asians,5
aside,2
asive,1
ask,41
asked,39
asking,15
asks,1
asleep,2
aspect,4
aspects,1
asphalt,3
aspire,1
ass,11
assa,5
assassination,2
assemble,2
asses,1
assessment,2
asset,1
assets,14
assimilate,1
assimilation,1
associate,1
associates,2
association,2
asto,2
astoria,1
astronomical,2
asyl,2
at,552
ate,3
ated,2
ates,4
athlete,2
athletes,3
ation,24
ations,5
atlanta,1
atlantic,7
atmosphere,2
atri,1
atrocities,1
atrophy,1
attached,1
attack,28
attacked,17
attacks,15
attempt,2
attempting,1
attend,2
attended,2
attit,5
attorney,8
available,2
ave,1
aven,14
average,4
awake,1
award,1
awards,12
away,76
awf,5
aye,1
aye!,1
ayeyayay,1
ayeyeye,4
b,2016
ba,2
babies,13
baby,23
baby’,1
back,336
back;,2
backbone,1
backdoor,1
backdrop,1
backed,11
backers,1
backgro,9
backing,4
backroom,1
backs,1
backstage,1
backwards,4
backyard,2
bad,165
baden,1
badly,42
bad…,1
bag,2
bags,1
bah,3
bai,3
bai;,1
balance,7
balanced,4
balancing,4
ball,2
ballistic,3
ballroom,1
ballrooms,2
balls,1
baltimore,3
ban,6
bang,2
bank,22
banking,3
bankr,8
banks,14
banning,1
barack,3
barak,1
barn,2
barrier,2
barriers,2
barron,3
base,6
baseball,3
based,19
bases,2
basic,4
basically,7
basis,4
basket,1
basketball,3
bathroom,2
bathrooms,3
battle,1
battlefield,7
battles,1
battleships,1
bay,1
bbed,1
bble,9
bbles,1
bcommittee,4
bcontractors,1
be,1184
bea,84
beach,1
beada,8
beat,38
beaten,4
beating,17
beats,2
beca,775
became,10
becky,2
become,45
becomes,3
becoming,6
bed,1
beef,9
been,397
been…the,1
before,131
beg,1
began,7
begging,1
begin,10
beginning,19
behalf,4
behave,2
behavior,4
beheadings,1
behemoth,2
behind,12
behold,1
being,122
beings,3
belief,2
beliefs,2
believe,231
believed,9
believer,6
believers,3
believes,10
believing,2
below,6
ben,26
benefactor,1
beneficiaries,2
beneficiary,2
benefit,11
benefited,1
benefits,2
benghazi,5
bent,3
benz,2
ben’s,2
bergdahl,19
bergdahl;,1
bernardino,12
bernie,15
bes,2
beside,1
besides,2
best,82
bestsellers,3
bet,4
betrayal,1
betrayed,1
better,159
between,21
beyond,14
bibi,6
bible,8
bicycle,2
bid,1
bidder,2
bidding,1
biden,2
bids,1
big,259
bigger,33
biggest,54
bigly,3
biker,1
bikers,2
bikes,2
bilateral,1
bill,24
billion,117
billions,21
bills,6
billy,3
bin,1
binds,1
bing,16
bio,19
bio’s,1
birthday,1
bit,46
bite,2
bject,13
bjects,5
bl,6
black,4
blah,3
blame,3
blamed,1
blames,1
blaming,1
blasts,1
blazed,1
ble,31
bled,6
bleh,1
blemakers,1
bles,1
bless,1
blew,6
blic,17
blican,45
blicans,35
blicity,8
blicly,1
bling,1
blished,2
blishers,1
bliss,2
blitzer,2
bloated,1
blockade,1
blocks,3
blood,5
bloods,1
bloomberg,3
blow,5
blowing,1
blown,2
bmit,1
bo,17
board,2
boards,1
boat,2
boats,3
bob,4
bobbsey,1
bobby,12
body,1
boeing,12
boeing’s,1
bogged,1
boiler,1
bolts,2
bomb,12
bombers,4
bombing,8
bombs,4
bond,1
bonded,3
bondi,1
bonding,2
bonds,2
bone,1
bonwit,2
booing,1
book,24
bookkeeping,1
books,10
boom,12
boom!,7
boon,1
boost,1
booth,1
booths,2
border,82
border;,2
borders,42
bore,1
born,14
borrow,5
borrowed,3
borrowings,1
bosom,1
boss,1
bosses,2
boston,4
both,31
bother,1
bothered,1
bothers,2
bothersome,1
bottom,16
bow,1
bowe,1
bows,1
box,1
boxes,3
boy,22
boys,2
br,9
bracket,1
brackets,1
brad,1
brady,6
brady’s,1
brag,6
braggadocio,3
bragging,3
braggingly,1
brain,5
brand,6
brand’s,1
brave,3
bravest,1
brazil,1
breach,1
breadth,1
break,14
breakfast,2
breaking,1
breath,4
brexit,1
brian,1
bridge,12
bridges,22
briefly,1
brilliant,9
brilliantly,1
brimming,1
bring,123
bringing,25
brings,3
brining,1
britain,1
british,1
bro,32
broadcast,4
broadcasters,1
broadcasting,1
broadcasts,3
broadly,1
broke,7
broken,6
broker,2
brokers,1
bronx,1
brooklyn,4
brother,6
brotherhood,1
brown,1
bsidies,4
bsidize,2
bsidized,2
bsidy,2
bstantially,9
bt,4
btract,1
by,475
bye,8
bye!,1
c,96
ca,24
cable,4
cadillac,1
caesar’s,3
cages,2
calderon,1
california,17
call,82
called,73
calling,19
calls,13
calm,1
calmed,1
came,156
camera,1
cameraman,1
cameras,34
cameras;,1
camp,1
campaign,73
campaigned,3
campaigning,2
campaigns,3
can,410
canada,6
canadian,1
cancer,2
candidacy,1
candidate,16
candidates,27
candidates’,1
cannot,24
can’t,236
cap,1
capability,3
capable,3
capacities,1
capacity,2
capita,1
capital,3
capitol,1
capt,2
captain,1
car,12
carbon,2
card,5
cards,10
care,153
cared,1
career,3
caref,9
cares,7
care…,1
carl,26
carly,2
carnage,7
carolina,40
carried,4
carrier,16
carry,2
carrying,3
cars,27
carson,19
cartel,1
cartels,2
carter,1
case,37
cases,19
cases…are,1
case…like,1
cash,10
cashed,1
cast,3
catastrophe,9
catastrophes,4
catastrophic,3
catch,1
catching,2
cate,3
cated,11
category,1
caterpillar,10
caterpillar;,1
caterpillars,3
caterpillar’s,1
cation,36
cational,3
cbs,5
cceed,5
ccess,12
ccesses,1
ccessf,35
ce,8
ced,6
ceiling,8
ceilings,2
celebrating,1
celebration,2
celebrity,4
cell,1
cells,1
cent,1
center,18
centers,2
central,2
cents,5
cer,2
certain,37
certainly,23
certified,4
certify,1
ces,2
cetain,1
cetera,5
ch,419
ch!,4
ch;,1
chain,2
chair,2
chairman,5
challenge,2
challenged,2
challengers,1
challenges,4
champ,1
champion,7
champions,1
championship,1
championships,1
chance,17
chances,3
change,84
changed,12
changer,3
changes,2
changing,4
chaos,6
chaotic,1
chapter,5
character,2
characteristics,1
characters,5
charade,1
charge,11
charged,6
charging,1
charitable,2
charities,1
charity,6
charles,1
charlie,1
chart,2
charts,1
cheap,1
cheaper,3
cheapest,9
cheaply,1
cheat,2
cheated,1
cheaters,1
cheating,1
check,20
checked,2
checking,1
checks,11
ched,2
cheering,3
cheerleader,6
cheerleader;,1
cheers,2
cheese,2
chelsea,5
chemistry,1
cherish,3
cherishes,1
chess,1
chevrolet,1
chicago,16
chief,1
child,13
children,29
chilled,1
china,195
china’s,6
chinese,8
ching,2
chipped,2
choice,37
choices,1
choked,2
choking,1
choose,4
chopped,2
choppers,1
chopping,3
chose,3
chris,18
christian,12
christianity,5
christians,14
christians’,1
christie,12
christmas,15
christmas’,1
cing,6
circ,7
circle,2
citibank,2
cities,19
citizen,15
citizens,18
citizenship,1
city,15
civil,2
civilian,2
civilians,3
civilization,2
civilized,2
ck,20
ckabee,1
cked,2
cker,2
ckers,2
ckily,1
cks,7
cky,5
cl,31
cla,1
claim,4
claiming,1
clapping,1
clarify,1
clarity,1
class,19
clean,15
cleaned,1
clear,47
clearance,2
clearly,5
clearsighted,1
cleveland,4
climate,2
clint,2
clinton,116
clintons,5
clinton’s,12
clock,3
close,48
closed,4
closely,4
closing,13
clown,3
cnbc,3
cnbc’s,1
cnn,29
co,950
coaches,5
coal,2
coal;,1
coalesced,2
coast,1
cocaine,1
code,2
coherent,2
coin,1
coincidence,1
coined,1
coins,3
col,2
cold,20
cole,1
colic,1
collapse,1
collapsed,1
collapsing,3
collar,4
collect,2
college,10
colleges,2
colonel,4
colored,1
com,2
combat,2
comcast,1
come,237
comeback,1
comedian,1
comes,45
comfortable,1
coming,114
comm,47
comment,3
commentator,1
commentators,3
commerce,2
commercial,8
commercials,6
commission,2
commissioner,1
commissions,1
commit,1
commitment,8
commitments,1
committed,5
committee,3
committees,1
common,58
comp,4
companies,69
company,64
company;,1
compared,14
comparing,1
comparison,3
compassion,3
compete,12
competed,2
competence,7
competent,2
competing,3
competition,6
competitions,2
competitive,2
competitor,3
competitors,2
complained,1
complaining,1
complete,11
completed,2
completely,3
complex,6
complicate,4
complicated,9
complicated…i,1
compliment,5
compliments,1
comply,3
comprehension…,1
concealed,2
conceded,1
conceived,1
concept,9
concern,2
concerned,14
concl,2
conditioner,4
conditioners,9
conditioning,4
conditions,1
condos,2
conf,2
conference,9
confidence,1
confined,3
conflict,2
confront,3
confrontational,1
congrat,18
congress,8
congressman,2
congressmen,4
connect,1
connectic,4
cons,4
conseq,14
conservative,30
conservatives,6
consider,13
considered,3
consistent,2
consistently,1
conspiracy,1
constant;,1
constantly,4
constit,6
constr,5
containing,1
content,1
contest,1
contin,32
continent,2
continents,1
contract,3
contractors,1
contracts,4
contrib,18
control,28
controlled,23
controlling,1
controversial,5
controversy,3
convention,13
conversation,1
convert,1
converting,1
convince,3
convinced,3
convincing,1
cookie,4
cookies,2
cool,3
cooley,1
cooperate,2
cooperation,2
coordination,1
copenhagen,1
copied,1
copies,1
cops,4
copy,1
copying,1
copyrighted,1
cordoned,1
core,29
core;,1
corey,3
corner,4
corp,1
corporate,18
corporation,1
corporations,4
corps,3
corr,21
correct,18
correctness,3
corroded,1
cory,3
cost,28
costing,2
costs,23
cover,18
coverage,1
covered,3
covering,1
covers,1
coveted,1
cozy,1
cr,68
crack,2
cracked,1
cracks,1
cracy,3
craftsmen,1
cranes,2
crap,5
crashes,1
crashing,1
crass,3
crative,1
crats,5
craziest,2
crazy,28
crazy;,1
crazy…,1
create,14
created,18
creates,2
creating,6
creation,2
credibility,1
credible,1
credit,33
cried,4
crime,15
crimes,6
criminal,6
criminals,3
crippled,4
cripples,2
crisis,1
critic,1
criticism,3
criticized,9
criticizes,1
crooked,14
crooks,1
cross,2
crowd,29
crowds,18
crying,5
crystal,2
ct,31
ct;,1
ctability,1
ctance,2
cted,1
ctibility,2
ctible,2
ctibles,7
ction,16
ctional,3
ctioned,4
ctions,12
ctive,2
ctor,2
cts,5
cyber,2
cycle,4
cycles,1
czech,1
d,132
da,11
dad,3
daddy,3
dads,2
daily,2
dakota,2
dallas,8
damage,2
damaged,2
damn,5
damned,1
dan,1
dancing,3
danger,3
dangero,15
dare,3
dark,3
darling,7
data,2
date,21
dates,1
david,6
day,111
daycare,2
daylight,1
days,77
dden,27
dderless,1
ddle,2
de,17
dead,14
deadly,5
deal,213
dealer,1
dealers,1
dealing,13
dealings,2
dealmaker,4
dealmakers,1
deals,105
dealt,2
deal’,1
deal’s,1
dear,2
death,9
deaths,4
deb,1
debate,43
debated,1
debater,1
debater…he,1
debates,22
debating,2
debt,23
debtor,1
decades,13
decapitated,1
decapitating,1
deceit,1
deceived,1
decent,2
deception,1
decided,7
decimated,3
decision,9
decisions,7
declaratory,2
declare,3
declaring,1
decline,1
ded,25
deemed,1
deems,3
deep,8
deepest,2
deeply,1
deere,9
defeat,7
defeated,2
defeating,1
defend,7
defender,1
defending,6
defense,11
deferment,1
deferral,1
deficit,28
deficits,9
deficit”,1
defies,1
defining,1
definitely,4
definition,3
deformed,1
defying,1
degenerates,1
delay,3
delays,3
delegate,1
delegates,15
delegation,1
delegitimize,1
deliberate,1
deliberately,1
deliver,6
delivered,3
delivering,1
demands,2
demented,1
democracies,1
democracy,6
democrat,5
democrat;,1
democratic,2
democrats,35
democrat’s,1
demographic,2
demonstrate,1
demonstrated,2
demonstrates,1
demonstration,1
demonstrations,1
denial,2
denmark,4
dent,1
dents,4
department,11
departments,3
depend,2
dependent,1
depends,1
depleted,6
deplorable,2
deploy,2
deployed,1
deported,1
deposed,1
depressed,1
depression,1
der,1
des,15
describing,1
description,2
deserted,4
deserter,1
desertion,1
deserts,1
deserve,3
deserves,1
deserving,1
designed,7
desire,1
desk,4
despair,1
desperate,1
desperately,2
despite,4
destabilize,12
destabilized,5
destr,6
destroy,12
destroyed,12
destroyer,1
destroyers,1
destroying,6
detail,2
details,5
determination,5
determine,2
determined,2
deterrent,1
detrimental,1
deval,27
devastated,7
devastating,3
develop,13
developer,3
development,4
developments,3
devote,2
devoted,3
dew,1
dge,15
dged,2
dges,1
dget,33
dgets,8
dgment,2
di,23
dible,14
dictated,1
dictator,1
did,251
didn,23
didn’t,234
die,5
died,2
dience,21
dience:,1
diet,1
difference,11
differences,1
different,114
differently,9
diffic,7
digger,1
digging,2
dilapidated,2
diligently,1
diminish,1
ding,44
dini,1
dinner,3
diplomacy,1
diplomatic,2
direct,3
direction,8
directly,6
director,5
dirt,2
dirty,12
dis,3
disabled,1
disadvantage,2
disagree,4
disappeared,3
disappears!,1
disappointed,9
disappointment,2
disarm,2
disarray,2
disassociate,1
disaster,70
disaster;,1
disasters,2
disastro,6
disavow,4
disavowed,5
disband,1
disc,17
discarded,1
discipline,6
disciplined,1
disclos,3
disco,3
discredit…all,1
disease,2
disg,21
disgrace,15
disgracef,5
dishonest,29
dishonesty,4
dislike,3
dislikes,2
disloyal,1
dismantle,4
dismissed,1
disney,1
disp,2
disparaging,1
display,1
displayed,2
displays,1
distant,2
distinction,1
distort,1
distorted,1
district,1
diverse,1
divided,1
dividend,2
dividends,1
divider,3
dividers,1
divisive,1
dlow,1
dly,1
do,998
doc,10
docks,1
doctor,27
doctors,9
doctor’s,2
dodd,1
doen,1
doer,1
does,104
doesn,19
doesn’t,116
dog,1
doggers,1
dogs,1
doing,279
doing;,1
dole,3
dollar,7
dollars,83
domain,8
domestic,5
dominance,1
dominant,6
dominate,1
dominated,2
don,102
donald,60
donaldjtr,2
donate,1
donations,5
done,166
done;,1
donor,3
donors,11
don’t,888
door,5
doors,1
dope,1
doral,9
dose,1
doses,1
dots,1
down,170
downed…,1
downgrades,3
downs,1
dozens,5
dr,37
drafting,1
dragged,1
drain,2
drained,3
dramatic,1
draw,2
drawing,1
drawn,1
draws,2
dream,4
dreamers,4
dreams,1
dress,2
drew,1
drive,3
drivers,1
driving,1
drop,9
dropped,4
drowned,1
drowning,1
dry,2
dshtidn,1
dwight,6
dy,13
dying,16
dynamic,2
dynasties,1
dysf,2
e,201
each,22
earlier,2
earliest,3
early,18
earn,8
earned,1
earnings,1
ears,1
earth,11
easier,9
easiest,4
easily,12
easing,1
east,47
easy,48
eat,4
eaten,1
eating,4
eaton,2
economic,20
economically,4
economics,1
economies,1
economist,2
economists,3
economy,38
ed,70
edge,2
edition,1
editorial,2
eens,3
eezed,2
effective,7
effectively,3
efficiency,1
efficient,1
effort,2
efforts,1
egos,1
egypt,2
eight,13
eighth,1
eisenhower,5
either,18
el,4
elected,25
election,36
elections,4
electric,2
element,2
elements,4
elevators,1
eliminate,1
eliminates,3
eling,1
elite,3
elites,3
elizabeth,1
ellen,2
else,91
elsewhere,3
elsewhere;,1
else’s,4
elton,2
email,2
emails,7
embarassed,1
embargoing,1
embarrass,1
embarrassed,3
embarrassing,2
embarrassment,2
embassies,1
embassy,1
embodiment,1
embolden,2
embrace,3
embraced,2
emerged,1
emergency,1
emerson,1
eminent,8
emmy,2
emotional,1
emphasizing,1
empire,1
employ,2
employed,9
employees,11
employment,1
emptied,2
empty,2
enabled,1
enacted,2
ence,5
enced,3
ences,12
enco,1
end,83
ended,9
ending,4
endlessly,2
endorse,11
endorsed,29
endorsement,16
endorsements,4
endorses,1
endorsing,6
ends,7
enemies,13
enemy,19
enemy:,1
energetic,1
energized,1
energy,42
enforce,5
enforced,2
enforcement,13
engaged,1
engagement,1
engineers,1
engines,1
england,5
english,3
enjoy,3
enjoyed,1
eno,22
enormo,4
enrichment,3
ens,9
enslave,2
enter,8
entering,1
enterprise,1
enth,4
entire,13
entirely,1
entitled,3
ently,1
entrance,2
entry,4
environment,3
environment;,1
environmental,17
environmentalist,1
environmentally,2
envisioned,2
epidemic,1
eq,30
er,1
era,2
eradicated,1
eric,5
ernie,2
es,39
escalator,10
escalators,1
escaped,1
escaping,1
escavators,3
eschelons,1
esday,1
especially,22
espionage,1
ess,33
essentially,12
est,2
establish,2
establishment,29
establishment’s,1
estate,9
estates,1
estion,56
estioned,2
estioning,1
estions,19
estions;,1
ests,3
et,5
etc,1
eternal,1
ethanol,6
evangelical,9
evangelicals,31
even,314
evening,20
evenings,1
event,19
events,4
ever,216
every,148
everybody,226
everybody!,2
everybody’s,4
everyday,4
everyone,26
everyone’s,3
everything,85
everything’s,5
everything…b,1
everywhere,6
evident,1
evil,1
ex,3
exact,9
exactly,22
example,33
examples,4
exc,8
excavate,1
excavated,1
excavation,3
excavator,1
excavators,4
excellent,3
except,20
exchange,1
excite,1
excited,4
excitement,1
exciting,12
exclamation,1
exec,28
exempt,4
exercise,1
exist,5
exists,1
exonerated,1
exorbitant,1
expand,2
expanded,3
expanding,1
expands,1
expansion,1
expansions,1
expect,11
expectation,1
expectations,1
expected,7
expecting,1
expecting—a,1
expense,6
expenses,1
expensive,10
experience,12
experts,2
expire,1
explain,11
explained,4
explode,3
explodes,1
exploding,1
exploit,1
exploited,2
exponentially,1
export,2
exports,1
express,5
expressing,2
expression,6
extended,1
extension,3
extensions,2
extent,11
extortion,2
extra,2
extraordinary,3
extreme,4
extremely,5
extremism,1
extremists,2
eye,1
eyes,3
f,132
fa,2
fab,7
face,16
facebook,3
facilitator,1
facilities,2
facility,1
facing,1
fact,118
factor,5
factories,10
factory,5
facts,4
fail,6
failed,20
failing,7
faint,1
fair,35
fairly,19
fairness,25
faith,2
fall,8
fallen,1
falling,6
falls,3
false,20
falwell,5
fame,1
families,17
family,31
family’s,1
famo,8
fan,11
fanaticism,1
fans,1
fantastic,22
fantastic;,1
fantastically,3
fantasy,3
far,61
farm,1
farmer,1
farmers,1
farsi,1
fashion,1
fashioned,1
fast,34
fast;,1
fat,8
father,22
fathers,3
father’s,1
favor,26
favorability,5
favorable,2
favored,3
favors,2
fbi,3
fear,7
feat,1
feb,2
febr,2
fec,1
fed,14
federal,3
feel,44
feeling,10
feels,5
feet,10
fell,3
fellas,4
fellow,1
fellows,2
felt,11
female,2
fence,1
fences,2
ferg,1
fermenting,1
ferry,1
fest,2
fever,1
few,40
fewer,4
ff,62
ffaloed,1
ffer,1
ffered,1
ffering,6
ffin,2
fiance,1
fiancee,2
fibs,1
fictitio,1
field,6
fields,2
fierce,1
fifth,4
fifty,3
fig,21
fight,59
fighter,5
fighters,4
fighting,33
fights,3
file,10
filed,18
files,1
filib,2
filing,2
filings,1
fill,5
film,1
filthy,2
final,4
finale,1
finalized,1
finally,17
finals,1
finance,4
finances,2
financial,16
financially,5
financials,11
financing,1
find,46
finding,1
fine,30
finer,1
finest,5
finger,1
fingers,1
finish,13
finished,9
fiorina,1
fire,6
fired,2
firefighters,2
fireside,1
firewall,2
firing,1
firm,2
firmly,1
first,139
firsthand,1
fits,1
five,61
five:,1
fix,11
fixed,5
fixing,4
fl,1
flag,4
flames,1
flat,1
flaws,2
flick,1
flies,1
flinched,1
flip,3
flipped,1
flipping,2
float,1
floating,3
flood,1
floor,7
floors,1
florida,53
flow,11
flowed,1
flowing,1
flown,1
flows,1
fly,4
flying,3
fo,102
foc,18
fold,4
folks,136
follow,4
followed,2
followers,3
following,4
follows,1
fond,1
food,3
fool,4
foolish,9
foolishly,1
foolishness,1
fools,3
football,6
footer,1
footprint,2
for,1064
forbes,2
force,22
forced,8
forcef,2
forces,4
forcing,1
ford,24
ford’s,1
fore,1
forehead,3
foreign,54
foreign;,1
forever,10
forged,1
forget,41
forgetting,3
forgiving,1
forgot,5
forgotten,2
fork,1
form,19
formed,2
former,5
formerly,1
forming,4
forms,3
fort,32
forth,3
forthwith,1
fortify,1
fortresses,1
forts,1
forward,13
foster,1
fox,17
fra,10
fracking,2
fraction,2
framework,1
france,11
franchise,1
francisco,10
frank,1
franklin,3
frankly,39
freaking,1
fred,1
free,39
freedom,6
freelancer,1
french,1
freq,1
fresh,1
fricking,1
friend,59
friendlier,2
friendly,6
friends,52
friendship,2
frighten,1
fringe,3
from,391
from…it’s,1
front,22
frontr,3
frosted,1
frozen,1
g,415
gaddafi,2
gadhafi,3
gaining,1
gamblers,3
game,11
games,3
gang,5
gangs,2
gary,1
gas,6
gate,4
gates,1
gathering,7
gave,82
gay,12
gays,4
gaza,2
gdp,4
ge,11
gear,1
gee,3
gees,9
gen,7
gene,2
general,30
generally,3
generals,10
generate,1
generation,3
generations,2
genero,4
genesco,4
geni,10
genocide,1
gentleman,2
gentlemen,7
george,16
georgia,8
germany,15
germany!,1
get,633
gets,33
getting,97
ggested,1
ggle,4
ggles,1
ggling,3
gh,255
ghed,6
gher,7
ghest,12
ghing,6
ghkeepsie,1
ghlin,3
ghness,2
gho,11
ght,151
ghter,22
gi,1
gig,2
gingrich,2
girl,1
girlfriends,1
gitmo,8
give,145
given,41
given…,1
gives,8
giving,21
glad,2
glas,2
glasses,3
global,16
globalism,3
globalization,3
globs,1
gloomy,1
glorifying,1
glove,1
gly,2
go,391
go:,1
goal,8
goals,6
god,9
goes,43
going,2055
golan,1
goldman,2
golf,11
golfer,2
golfers,1
golfing,1
gone,49
gonna,12
gonzo,1
good,357
goodness,3
goods,9
google,1
gop,2
gorbachev,1
gorgeo,2
gorilla,2
gosh,1
got,367
gotta,4
gotten,30
gov,4
governed,2
government,34
governmental,1
governments,2
government…,1
governor,30
governors,7
governors;,1
gps,1
grab,7
grabbed,2
grabs,2
grad,8
graham,10
grand,8
grandchild,2
grandmasters,1
graph,1
grass,1
gratef,1
grave,3
gravely,2
graveyards,1
gravis,2
gravitas,1
graydon,1
great,687
greater,12
greatest,61
greatly,3
great…b,1
great…photos,1
greece,1
greedy,3
green,4
greet,1
grew,3
grid,1
gridlock,6
grieves,1
grin,1
gro,97
gross,5
grossly,2
grow,17
growing,6
grown,4
growth,19
gs,25
gsa,4
h,116
ha,5
habit,1
habitat,1
hack,2
hacks,8
had,359
hadn’t,1
hail,2
hair,11
haired,2
hair’s,1
half,24
halt,1
hamas,2
hamilton,1
hammers,1
hampshire,44
hand,11
handed,3
handle,3
handled,1
hands,22
hands;,1
handsome,2
handwritten,1
hangar,3
happen,185
happen:,2
happen;,1
happened,112
happening,86
happens,54
happens;,1
happier,1
happiness,1
happy,45
harbor,3
hard,86
harder,4
hardest,6
hardworking,3
harley,1
harleys,3
harm,2
harmony,1
harry,1
harsh,1
harvard,3
harwood,4
has,337
hasn,1
hasn’t,20
hat,9
hate,22
hated,6
hates,3
hating,1
hatred,10
hats,10
hatzalah,1
have,2264
have=,1
haven,1
haven’t,24
have…,1
have…treat,1
having,47
havoc,2
he,977
head,24
headache,2
headed,1
headlines,3
headq,1
heads,11
healing,2
health,15
healthy,3
heap,1
hear,62
heard,67
hearing,4
hears,1
heart,18
heartache,1
hearted,1
heartfelt,1
heat,18
heaven,1
heaven’s,5
heavily,1
heavy,1
hebrew,2
heck,1
heckler,1
hedge,4
heed,1
heh,3
heidi,1
height,2
heights,1
held,13
hell,64
hello,6
helmets,1
help,52
helped,15
helpf,1
helping,5
helpless,1
helplessly,1
hemisphere,1
henry,1
her,140
here,245
here;,1
here—in,1
here’s,53
heritage,1
hero,2
heroes,2
heroin,5
heroine,2
heros,1
hero’s,1
hers,2
her…she,1
hesitate,1
hey,24
hezbollah,1
he’d,7
he’ll,42
he’s,305
high,31
higher,16
highest,17
highly,17
highway,1
highways,7
hijackers,1
hijackists,1
hillary,155
hillary’s,6
hilt,1
hilton,1
him,229
him;,1
himself,4
him…he’s,1
hire,9
hired,1
hiring,2
his,146
hispanic,9
hispanics,31
hispanics—46%,1
histories,2
history,73
hit,45
hits,4
hitting,4
ho,69
hoax,4
hokey,1
hold,5
holding,4
hole,2
holiday,1
holidays,2
hollywood,2
holts,1
holy,1
home,40
homegrown,1
homeland,3
homes,1
hometown,2
honest,23
honestly,47
honesty,1
honey,4
honor,34
honor;,1
honorable,1
honored,16
honoring,1
honors,1
hood,1
hoosiers,2
hope,19
hopef,14
hoping,1
horrendo,2
horrible,75
horribly,3
horrific,1
horror,6
horse,5
hospital,7
hospitals,16
host,1
hostage,1
hostages,6
hostile,2
hostility,2
hosting,2
hot,4
hotcakes,1
hotel,21
hotels,3
hotel—i,1
how,281
however,7
how’s,3
hyatt,2
i,4960
icahn,16
ice,2
icide,1
ick,7
icker,1
ickest,1
ickly,28
iconic,2
idea,28
ideally,3
ideals,1
ideas,2
identified,2
identify,2
identity,2
ideology,1
idiots,1
idly,1
iet,3
ietly,3
if,590
ignorance,4
ignore,1
iii,2
ike,3
ild,136
ild;,2
ilder,6
ilding,89
ildings,12
ilds,3
ile,1
illegal,56
illegally,9
illicit,1
illinois,1
illness,1
ilt,55
ilty,4
imaginable,1
imagine,25
imbalance,16
immac,1
immediate,2
immediately,15
immigrant,10
immigrants,22
immigrated,2
immigration,98
impact,14
impartial,1
impatient,1
impediment,1
impenetrable,1
imperialists,1
impinged,1
implicated,2
import,1
important,98
importantly,24
importing,3
imports,4
impose,2
imposed,1
impossible,19
impressed,1
impression,1
impressionable,1
improved,1
in,2059
in:,1
ina,14
inappropriate,3
inc,2
incentive,4
incentivize,1
inch,2
inched,1
incident,1
incidents,1
incitement,1
incl,50
inclined,2
income,13
incomes,1
incoming,6
incoming…in,1
incompatible,2
incompetence,7
incompetent,18
incompetently,1
incomptent,1
inconceivable,1
incongr,1
incorrect,1
incorrectly,3
increase,12
increased,6
increases,3
incredible,140
incredible;,2
incredibly,4
ind,21
indeed,8
independence,4
independent,3
independents,4
india,1
indiana,35
indianapolis,2
indicted,1
indie,2
indirectly,1
individ,10
ined,1
ineq,1
inexpensively,1
inexperience,1
inexperienced,2
infectio,1
infl,6
inflation,1
information,6
informative,2
informed,2
infrastr,20
ing,12
ining,1
initially,2
initiative,2
inj,3
ink,2
inner,6
innipiac,2
innocent,2
ins,13
insane,4
inside,15
insider,2
insist,1
insisted,2
inspect,8
inspection,4
inspections,1
inspiration,1
inspire,1
inspiring,1
instance,11
instances,1
instead,22
instinct,4
instincts,1
instit,6
instr,6
integrity,2
intellect,2
intelligence,14
intelligent,1
intend,3
intended,1
intends,1
intense,1
intent,1
intention,1
intentions,1
interest,27
interested,6
interesting,34
interestingly,5
interests,44
international,8
internet,5
interpol,1
interr,6
intertwined,1
intervention,1
interventions,2
interview,6
interviewed,13
interviews,2
intimate,1
intimation,1
intimidate,1
intimidation,2
into,201
introd,3
invaded,2
inversion,6
inversions,9
invest,5
invested,3
investigation,2
investing,1
investment,1
investments,1
invitation,1
invite,3
invited,1
invites,1
involved,15
iowa,116
iowa’s,3
iphones,1
ipment,21
ipments,2
ipo,1
iq…in,1
iran,85
iran’s,6
iraq,72
ire,4
ired,1
ireland,5
ires,1
irrelevant,2
irs,4
is,1534
is;,1
ise,1
ish,1
isiana,2
isis,85
isis’s,1
isis…oh,1
islam,26
islamic,40
island,2
islands,3
isn,5
isn’t,31
isolationist,3
israel,82
israeli,1
israelis,1
israel’s,2
iss,24
it,2522
it!,2
it;,6
itar,1
ite,6
iting,1
its,54
itself,7
itting,2
it’d,3
it’ll,19
it’s,1104
ivalency,1
ivanka,22
ivanka’s,1
ivy,5
i’d,69
i’ll,161
i’m,770
i’ve,278
j,591
jab,1
jack,1
jacket,1
jacobs,1
jail,4
jailed,1
jails,6
james,1
jamiel,5
jan,2
janet,2
japan,66
japanese,2
japan’s,1
jared,7
jay,1
jealo,1
jeb,41
jeb’s,1
jeep,3
jeeps,2
jeff,10
jefferson,3
jeffress,1
jeopardy,2
jer,1
jeremy,1
jerry,8
jersey,10
jet,1
jets,7
jewish,13
jews,5
jihad,5
jo,14
job,112
job;,1
jobs,188
jobs;,2
job…and,1
joe,13
john,26
johnson,9
join,5
joined,1
joining,2
joint,2
jointly,2
joke,3
joked,1
joking,5
jokingly,3
jolted,3
jones,1
jordan,1
jose,2
jr,5
jv,3
k,5
kanye,3
karen,1
kasich,10
kasich’s,1
kate,7
katie,2
ke,2
keep,77
keeping,2
keeps,2
keep—as,1
kennedy,1
kent,1
kenya,1
kept,13
kerry,12
kes,1
keystone,8
kick,3
kicked,1
kicking,1
kicks,4
kid,1
kidding,9
kids,21
kill,21
killed,42
killed…they,1
killer,11
killers,8
killing,32
killings,1
kind,58
kinds,1
king,4
kissed,1
knew,48
knife,1
knight,9
knock,20
knocked,4
knocking,4
knocks,1
know,1314
know;,1
knowing,2
knowledge,2
known,16
knows,45
koch,1
komats,8
korea,34
kpzcompanies,1
kraine,7
kristol,3
kristol’s,1
l,247
la,26
label,1
labor,8
lace,1
lack,3
lacked,1
lacks,4
laden,1
ladies,8
lag,1
lago,3
laid,1
lake,3
lakes,1
lambasted,1
lances,1
land,10
landed,1
landscape,3
landscaping,1
landslide,12
landslides,5
lang,2
lar,15
lara,1
large,17
largely,6
larger,2
largest,26
larity,1
larly,2
larry,1
las,3
last,109
lasted,3
lasting,1
late,21
lately,2
later,22
latin,2
lation,14
lations,16
lative,1
latively,1
lator,1
lators,2
latory,3
lavish,1
law,32
lawf,1
lawn,1
laws,27
lawyer,1
lawyers,4
lax,2
ld,641
ldn,6
ldn’t,152
ld—they,1
ld’ve,8
le,11
lead,19
leader,17
leaders,56
leadership,39
leading,54
leads,1
leag,17
leaps,1
learned,18
learning,2
leases,1
least,24
leave,54
leave!,1
leaves,3
leaving,48
lebanon,2
lebron,1
led,9
lee,1
left,75
lefthand,1
leg,1
legacies,1
legacy,2
legal,10
legally,18
legendary,2
legitimately,1
legs,1
leno,1
lens,1
lent,1
les,9
lesbian,4
less,49
let,159
letter,17
letterman,1
letters,14
letting,9
let’s,54
level,24
levels,3
leverage,4
lewandowski,1
lf,9
lg,3
lgbt,5
liabilities,1
liani,1
liar,2
liars,1
libelo,1
liberal,9
liberals,2
liberty,8
libya,13
libyan,1
license,1
licensing,1
lie,20
lie:,1
lied,6
lies,12
life,62
lifelong,1
lifestyle,1
lifetime,5
lift,2
lifted,2
lightly,1
lights,1
lightweight,2
like,626
like;,1
liked,11
liked…so,1
likes,13
likewise,9
liking,2
limba,4
limitations,4
limits,1
lincoln,3
lindsey,5
line,31
line;,1
lined,2
lines,6
lings,1
list,8
listen,14
listened,1
listening,1
litany,1
literally,14
little,145
live,36
lived,3
lives,28
living,13
ll,56
lled,7
llet,1
llets,6
lly,37
lminate,1
lo,26
load,2
loaded,4
loan,4
loans,4
lobbied,1
lobbies,2
lobby,1
lobbyist,6
lobbyists,22
local,15
localized,1
locally,6
located,1
location,11
locations,2
logic,1
long,101
longer,24
longest,4
longstanding,1
look,398
look!,3
looked,17
looking,47
looks,18
loopholes,3
loose,1
loosen,1
lorne,2
los,14
lose,49
loser,5
losers,3
loses,3
losing,41
loss,11
losses,1
lost,47
lost;,2
lot,377
lots,20
lotto,1
lot…and,1
love,275
loved,9
lovely,1
loves,15
loving,1
low,25
lower,13
lowered,1
lowering,5
lowest,2
loyal,8
loyalty,3
lse,4
lt,26
ltaneo,1
ltant,1
ltants,2
lted,5
lties,2
ltimate,3
ltimately,7
lting,3
lts,9
lty,3
ly,22
lying,2
lyin’,7
lyndon,3
l…,1
m,519
macarth,9
machine,2
mackeral,1
macy’s,3
made,123
made!,1
maepgessenger,1
magazine,22
magazines,1
magazine…they,1
magic,5
magically,1
magic…tr,1
magnificent,6
magnified,1
mail,3
mails,11
main,4
maine,1
mainstream,8
maintains,1
major,18
majority,20
make,348
maker,2
makers,2
makes,28
make…can,1
making,67
male,2
man,104
manage,1
managed,1
manager,2
managers,1
manassas,1
mandate,1
mane,1
manely,1
manhattan,8
maniac,5
maniacs,1
manip,3
manitarian,2
manity,1
mankind,2
manner,1
mantle,2
many,366
man’s,2
man…abo,1
mar,3
march,1
marches,2
marco,23
marco’s,2
marginalize,4
marginalizing,3
margins,2
marianas,1
marine,4
mark,8
market,5
markets,4
marks,1
marksmen,1
marriage,2
married,9
marshal,2
martyrs,1
mary,3
maryanne,1
maryland,3
mass,4
massach,4
masses,1
massive,48
massively,2
mastermind,6
masterminds,3
masters,1
match,1
material,1
materials,1
mathematically,1
mathematics,1
matt,1
matter,32
matthews,1
mavericks,1
max,1
maxed,1
may,37
maybe,114
mayor,3
mb,8
mber,153
mbered,1
mbers,83
mbers!,1
mbers—who,1
mbest,5
mbling,4
mccain,5
mccain;,2
mcconnell,4
mcdonald,1
mcla,3
me,745
me;,3
mean,327
meaning,14
means,45
meant,10
meantime,4
meanwhile,1
meas,1
mechanically,1
media,27
media:,1
media’s,1
medicaid,4
medical,3
medicare,18
medicare;,1
medieval,1
meet,6
meeting,13
meetings,3
meets,1
melania,11
melissa,5
member,3
members,8
memo,4
memorial,2
memory,1
men,9
ment,2
mentality,1
mentation,4
mented,1
mention,34
mentioned,11
mentioning,2
mentions,2
ments,6
mercedes,2
merchandise,2
merely,1
merkel,2
mero,1
merry,11
mess,25
message,14
messenger,12
messenger…,1
messing,2
met,23
metro,1
mettle,1
mexican,18
mexicans—many,1
mexico,153
mexico;,1
mexico’s,5
mexico…do,1
miami,2
michaels,2
michigan,7
michigan—the,1
microphone,1
mid,1
middle,65
midst,1
midwest,2
might,30
migrants,4
migration,11
migrations,1
mike,22
mildly,1
mile,1
miles,20
miliation,1
miliations,1
militarily,8
militaristic,3
military,115
milk,1
million,188
millions,107
min,31
mind,15
minds,6
mindset,7
mine,34
mined,1
minerals,4
miners,8
mines,2
ming,2
mini,1
minim,2
minister,3
ministers,3
minnesota,3
minor,4
mis,1
misinterpretation,1
misled,1
miso,1
misrepresentation,1
miss,8
missile,2
missiles,8
missing,7
mission,6
missions,2
misspoke,1
mistake,8
mistakes,7
mistreated,4
mit,1
mitch,4
mitt,14
mmary,1
mmer,3
mmies,2
mming,3
mmit,2
mmits,1
mmy,1
mn,2
mns,1
mo,13
mobile,6
mocked,1
mode,1
moderators,1
modern,3
modernization,1
modestly,1
moines,6
mom,2
moment,15
moments,4
mommy,1
moms,2
monday,2
money,390
money;,1
moneys,1
monkey,1
monmo,9
monster,4
monstro,1
montana,2
month,19
months,48
months;,1
moon,1
moral,2
morally,1
moratori,1
more,272
more…i,1
morning,22
moron,2
mortagage,1
mosq,8
most,109
mostly,13
mother,5
motions,3
motives,1
motor,4
motorcycle,5
motorcycles,2
move,39
moved,12
movement,25
movement;,1
moves,3
movie,2
moving,33
mp,268
mp:,15
mp;,1
mped,2
mping,5
mps,7
mption,2
mp’s,7
mr,52
mrs,3
ms,9
msnbc,1
mstance,4
mstances,1
mvees,1
my,365
myself,19
myself;,1
més,1
n,449
nabisco,9
nabisco’s,1
nable,2
nabsico,1
nacceptable,2
nafta,20
nah,1
nails,1
nam,1
name,40
named,5
names,18
nanimo,1
nascar,6
nashltionally,1
nashville,11
nastiest,2
nastily,1
nasty,12
nat,9
nately,4
nation,46
national,15
nationally,1
nations,12
nationwide,6
nation’s,3
nato,18
nato’s,1
navy,1
nazis,1
nbc,17
nbelievable,53
nbelievably,9
nbreakable,2
nce,8
nced,31
ncement,6
ncer,2
ncers,1
nces,6
nch,7
ncher,1
nches,1
ncil,2
ncing,1
ncle,1
ncles,1
nconditionally,1
nctional,2
nd,109
ndamental,1
ndamentalists,1
ndant,1
ndation,7
nday,1
ndbite,1
nded,23
nder,46
ndergro,1
ndermine,2
nderneath,1
nders,1
nderstand,85
nderstanding,2
nderstands,8
nderstand…he’s,1
nderstood,1
nding,35
ndits,12
ndo,3
ndoc,1
ndraiser,2
ndraisers,5
ndred,4
ndreds,40
nds,19
nd…b,1
ne,41
near,4
nearly,8
nebraska,1
necessarily,6
necessary,3
need,186
needs,18
negative,33
negatively,1
negligence,1
negotiate,26
negotiated,7
negotiates,2
negotiating,13
negotiation,14
negotiations,3
negotiator,12
negotiators,16
neighbor,3
neither,2
nemployment,17
nervo,4
net,8
netanyah,2
network,2
networks,8
nevada,20
never,287
never;,1
nevertheless,2
new,157
newcomer,1
newest,1
news,15
newscasts,1
newspaper,3
newspapers,2
newt,2
nexpected,1
next,54
nfair,23
nfairly,1
nfort,3
nfriendly,3
ng,45
nged,1
nger,1
ngstown,1
nhappy,1
nheard,3
nice,147
nicely,10
nicer,2
nicest,1
nickla,1
nified,3
nifier,7
niform,1
niforms,1
nify,3
night,50
night!,1
nightcl,5
nightmare,1
nights,1
nine,23
nion,3
nions,3
niq,2
nism,3
nist,1
nit,1
nite,2
nited,128
nities,21
nity,34
niversal,1
niverse,6
niversity,9
niversity—do,1
niversity’s,1
nivision,8
nixon,1
nj,1
nk,8
nleash,3
nleashed,4
nless,23
nlike,4
nlimited,3
nnecessary,1
nned,1
nnels,2
nner,3
nning,64
nny,9
nny;,1
no,484
no!,3
noble,1
nobody,147
nobody’s,21
noisy,7
nominated,1
nomination,9
nominee,2
non,3
none,11
nonsense,6
normal,5
normally,3
north,17
northern,1
norway,4
not,962
not;,1
notch,1
note,4
notes,2
nothing,111
nothing’s,1
notice,10
noticed,6
notices,2
notified,1
november,4
now,516
now!,1
nowhere,3
now…it,1
now…one,1
nprecedented,2
npredictability,1
npredictable,11
nq,2
nra,4
nreal,1
nrest,2
ns,42
nsalvageable,1
nstable,2
nt,28
ntable,2
ntain,1
ntants,7
nted,1
nteers,3
nter,3
nthinkable,4
nthinkable;,1
ntil,25
nting,6
ntries,85
ntry,528
ntry;,1
ntry—they,1
ntry’s,6
nts,8
nwanted,1
nways,1
nyielding,1
o,1599
obama,110
obamacare,53
obamacare’s,1
obama’s,8
obey,1
obligation,3
obselete,1
observe,2
obsolete,4
obstacles,1
obvio,10
occasions,1
ocean,2
odd,1
odds,1
odierno,1
of,2952
off,86
off;,1
offense,2
offer,2
offered,2
offering,2
office,48
officially,1
officials,5
offs,1
offshore,2
often,4
of’,1
oh,152
ohio,12
oil,69
oil!,1
ok,60
okay,197
oklahoma,6
old,46
older,2
oldest,1
ole,2
olmert,1
olympics,1
omnib,2
on,733
once,24
one,594
one:,1
one;,3
onero,2
ones,31
one’s,3
online,3
only,157
onstage,1
onto,4
opec,1
open,28
opened,2
opening,6
openly,1
operate,1
operating,1
opinion,20
opponent,1
opponents,3
opport,7
oppose,1
opposed,6
opposite,13
opposition,2
oppress,2
oppressive,4
opry,2
options,2
or,346
order,45
ordered,4
ordering,1
orders,11
ordierno,1
oreo,1
oreos,4
organization,8
organizations,3
orientation,3
orientations,1
original,3
originally,4
orlando,12
orlando’s,1
osama,1
ote,2
other,278
others,26
otherwise,5
oval,1
over,320
overall,4
overd,2
overrated,6
overriding,1
overseas,19
oversees,1
overstay,2
overt,2
overthrow,4
overwhelming,2
over…,1
owe,43
own,48
owned,6
owner,1
owners,3
owners;,1
ozone,2
o’clock,1
o’malley,1
o’reilly,1
p,748
pa,14
pac,17
pacific,6
pack,4
package,1
packed,8
pacs,20
pact,1
pad,1
page,18
pageant,2
pages,4
paid,16
painted,1
painting,1
pakistan,3
palestine,3
palestinian,7
palestinians,4
palin,6
pam,1
pan,3
pander,1
paper,3
papers,15
paperwork,5
parade,4
paragraph,1
paramo,1
parent,2
parenthood,4
parents,18
paris,31
park,4
parking,1
part,31
part:,1
partial,1
partially,1
partic,12
participant,1
participants,1
participation,2
parties,6
partner,2
partners,1
partnership,12
partnerships,1
partnership”,1
parts,10
party,61
pass,1
passage,1
passed,3
passion,1
passports,2
past,5
pastor,1
pastors,5
patches,1
patents,1
path,8
patients,2
patrick,1
patriots,1
patrol,9
patsy,1
pattern,1
patton,10
patton…b,1
pawn,1
pawns,2
pay,114
paycheck,1
paying,34
pays,4
pbeat,1
pbs,1
peace,20
peacef,5
peacemaker,1
pean,12
pearl,3
pee,4
pelley,1
penalty,2
pence,16
penchant,2
penn,1
pennsylvania,20
penny,1
pension;,1
pensions,1
pentagon,1
people,1327
people!,1
people:,1
people;,3
peoples’,1
people’s,6
per,39
percent,55
percentage,4
percentages,1
perfect,11
perfectly,2
perfect…,1
perhaps,15
period,30
perior,2
periority,1
perishable,1
perlm,1
permanently,2
permission,1
permit,6
perpetrated,3
perpower,1
perry,4
pers,1
persec,3
persede,1
persians,4
person,128
personal,10
personally,2
persons,2
person’s,1
pertain,1
pertains,1
pertinent,1
pervisor,1
petrae,5
petrified,1
petty,1
pew,3
pfizer,6
pfizer’s,1
pgrade,1
ph,15
pharmace,2
phase,3
phenomenal,16
phenomenol,1
phenomenon,4
phenomenons,2
phil,6
philosophical,1
phoenix,2
phone,3
phones,2
phony,9
photo,2
photographer,1
photographic,1
phrase,1
physicists,1
physics,1
pick,8
picked,5
picketing,2
picking,3
picks,1
pict,16
pid,64
pidity,8
pidly,4
piece,9
piggy,3
pil,8
pilot,1
pilots,2
pils,1
pipe,1
pipeline,7
piter,1
pittsb,2
pl,6
place,118
placed,1
places,49
plaintiff,2
plan,36
plane,8
planes,8
planes…more,1
planet,3
planned,5
planning,3
plans,12
plant,24
plants,14
plaq,2
plastic,1
platea,6
platform,1
play,12
played,2
player,5
playing,8
ple,59
please,25
pledge,21
pledges,1
pledging,1
plenty,9
pliblg,1
pling,1
plot,2
po,34
pocket,2
pockets,4
podi,3
point,33
pointed,3
pointing,4
points,20
poisono,1
poker,1
poland,1
police,25
policemen,2
policies,16
policy,59
political,44
politically,17
politician,20
politician;,1
politicians,78
politics,20
politics;,2
poll,109
polled,5
polling,6
polls,65
pollster,3
pollsters,1
pomp,2
pon,3
poor,18
poorest,1
poorly,8
pop,12
pope,5
port,1
portions,2
portrays,1
pose,1
poses,1
position,12
positions,2
positive,11
positively,1
possibilities,1
possible,28
possibly,11
post,7
posted,1
potatoes,3
potential,10
potentially,3
potholes,1
potomac,2
poverty,7
power,43
powerf,26
powerless,1
powers,2
pp,2
pper,2
ppet,1
ppets,1
ppliers,1
pply,4
pport,66
pported,8
pporter,3
pporters,3
pporter’s,1
pporting,6
pportive,6
pports,7
ppose,2
pposed,49
ppp,5
ppress,2
practical,3
practically,6
practice,1
practiced,1
practices,1
praised,1
pray,4
prayed,1
prayer,1
pre,1
preach,2
preachers,2
precedent,1
precio,1
precisely,1
predecessor,1
predict,2
predictable,3
predicted,2
predicting,1
predictions,1
predictor,1
predominant,1
preface,1
prefer,1
preference,2
pregnant,1
preme,9
premi,5
preparation,1
prepared,8
preparedness,2
preparing,1
prepostero,1
presbyterian,3
present,2
preserve,2
preserving,1
presidency,6
president,204
presidential,12
presidents,2
president’s,1
press,98
press;,1
prestigio,2
pretend,3
pretty,48
pretzel,1
prevent,7
previo,3
price,4
prices,1
price—not,1
pride,1
prieb,2
primaries,3
primarily,1
primary,14
prime,3
primetime,2
princeton,1
principals,3
principle,2
principles,3
printing,2
prior,1
priorities,1
priority,2
prison,4
prisoners,25
prisoners;,1
private,16
privatization,2
privilege,2
privileges,1
privileges;,1
prizefighter,1
pro,45
probably,119
problem,118
problems,58
process,32
prod,26
professionally,1
professionals,3
professor,1
professors,1
profile,4
profiling,7
profits,5
prognosticator,1
program,6
programs,4
progress,2
progressive,3
prohibited,1
project,2
projected,2
projects,3
proliferation,2
promise,19
promised,4
promises,1
promote,1
promotes,2
promoting,3
promotion,1
proof,1
proper,5
properly,15
properties,1
property,5
proportion,1
proportionately,1
proposal,2
proposed,1
pros,1
prosec,1
prospect,1
prosper,2
prospered,1
prosperity,4
prospero,9
protect,59
protected,18
protecting,8
protection,6
protections,2
protective,1
protest,4
protestant,1
protester,10
protesters,4
protesting,2
protests,1
prove,1
proved,1
proven,7
provide,5
provided,3
provides,1
provision,2
provisions,1
ps,46
pset,8
pside,1
pstairs,4
pstairs…,1
psychology,2
pt,21
ptcy,1
pted,6
pting,1
ption,6
ptness,1
q,155
q&a,1
qaeda,1
qatar,8
r,1637
r:,1
ra,1
rable,1
race,25
racial,3
racially,2
radar,1
radical,57
radicalism,2
radicalization,4
radicalized,13
radio,2
rage,10
raging,1
railed,1
railroad,1
rails,2
railways,1
rainy,1
raise,29
raised,25
raises,5
raising,10
ral,9
rallies,2
rally,1
ralph,1
ram,1
ramos,2
ramp,4
rampant,2
ramps,2
ran,10
rance,3
rancic,1
rand,7
random,1
randomness,1
randy,1
range,1
ranked,7
rant,1
ranting,1
raped,4
rapidly,10
rapists,3
rasm,2
rate,24
rated,6
rately,1
rates,10
rather,14
ratified,1
rating,3
ratings,5
rational,1
rattlesnake,1
rave,2
ray,1
rbank,2
rce,2
rces,4
rchase,2
rchasers,1
rches,1
rd,1
rday,4
rdays,1
rden,7
rdens,1
rder,6
rdered,5
rderers,1
rders,3
re,415
rea,8
reach,3
reached,2
read,37
read:,1
reading,5
ready,16
reagan,4
real,75
realize,6
realized,1
realizes,1
really,338
reason,46
reasonable,3
reasons,38
reassessment,1
reb,33
rebalancing,1
rebels,1
recap,1
receive,1
received,21
recent,11
recently,28
recipients,1
reckless,1
recognize,1
recognized,1
recognizes,1
recommissioning,1
reconsider,1
record,26
recorded,2
records,4
recover,2
recovered,1
recovering,1
recr,1
red,43
redo,1
ref,33
refer,1
reference,3
referred,1
referring,5
reflected,2
reflective,1
reform,5
reforms,1
reg,19
regain,1
regard,2
regime,7
regimes,2
region,10
regional,1
register,5
registered,2
registering,1
reilly,2
reimb,2
rein,2
reince,4
reinvigorate,1
reject,4
rejected,2
rel,2
related,2
relates,1
relations,4
relationship,18
relationships,11
relatively,1
relatives,2
relax,3
release,3
released,1
releasing,2
relentless,1
reliable,3
relief,3
religio,5
religion,8
rely,3
relying,2
remain,7
remaining,1
remains,2
remake,1
remarks,3
remedy,1
remember,136
remember:,1
remembers,1
remind,1
removed,1
rendering,2
renderings,1
renegotiate,6
renegotiation,1
renew,1
renewal,4
renewed,2
renewing,1
rent,4
rep,82
repaid,1
repatriation,2
repeal,7
repealed,6
repealing,4
repeated,1
repeatedly,2
replace,9
replaced,7
replaces,1
replacing,1
report,23
reported,7
reporter,13
reporters,8
reporting,5
reports,1
represent,6
representative,3
representatives,1
represented,1
representing,10
repressive,2
reptile,1
req,9
rer,5
rers,1
res,26
research,5
resect,1
reservations,1
reserve,1
reserves,6
reso,4
resol,4
resolving,1
resonants,1
resonated,1
resonating,1
respect,48
respected,20
respectf,1
respects,8
respond,9
responded,4
response,15
responsibility,4
responsible,7
rest,7
restraining,2
restraint,1
restrict,2
restrictions,1
ret,12
retire,1
retired,1
retiring,2
retrib,1
retweeted,1
reveal,1
reven,1
reverse,5
reversing,1
review,1
reviewed,1
reviewing,2
reviews,3
revived,1
revoke,1
revoked,1
revol,1
reward,2
rewarded,1
rewards,1
reyes,2
rface,1
rga,1
rge,7
rgh,2
rging,3
rhetoric,1
rich,52
richard,3
richer,1
richest,2
rickles,4
rid,57
ride,4
rides,1
ridic,10
riding,1
rifle,2
rifles,1
rigged,28
right,500
right!,1
rights,6
rinas,1
ring,78
rink,1
rio,1
rip,6
ripped,9
ripping,13
rips,1
rise,4
rises,1
rising,2
risk,4
risking,1
risky,1
rity,65
rity;,2
rivals,2
rke,1
rkey,4
rmoil,1
rn,49
rnal,8
rnalists,1
rnament,4
rnaro,1
rnberry,3
rnc,5
rned,29
rnett,3
rney,5
rning,8
rno,4
rns,3
ro,18
road,2
roads,8
roadways,4
roast,1
robert,2
roberts,3
robin,1
robocalls,1
rocket,4
rockets,1
role,3
roll,1
rolling,1
rolls,2
romney,19
romney;,1
romneycare,1
romney’s,1
ronald,2
roof,9
room,53
rooms,3
rope,6
ropean,3
roped,1
rose,2
rotten,5
row,3
royce,1
rpl,2
rpose,4
rposely,1
rposes,3
rprise,2
rprised,10
rprising,2
rprisingly,2
rray,1
rray’s,1
rrencies,3
rrency,16
rrender,6
rrent,13
rrently,4
rried,1
rro,3
rs,35
rse,19
rself,12
rselves,9
rsement,1
rses,7
rst,1
rt,25
rteenth,1
rth,4
rther,10
rtle,2
rts,3
rvat,1
rveillance,1
rvey,1
rvive,2
rvives,1
rvivor,1
rvivors,1
ry,7
ryan,5
rés,1
s,1436
s!,1
s;,2
sa,28
sachs,2
sacrifices,1
sad,24
saddam,1
sades,1
sadly,2
safe,28
safer,5
safety,7
said,772
said:,1
said—,1
sail,1
sailors,2
sake,4
sal,3
salaries,3
salem,1
sales,2
salient,1
same,78
sams,4
san,22
sanctions,8
sand,5
sanders,11
sanders’s,1
sands,110
sap,1
sarah,7
sarah’s,1
sarasota,1
sarcastic,2
sarcastically,1
sat,6
satisfied,1
savage,2
save,30
saved,14
saving,3
savings,1
saw,89
say,511
saying,128
says,56
sband,9
sband’s,2
sc,4
scam,6
scammers,1
scams,2
scandal,4
scare,2
scared,2
scary,2
scattered,1
scc,1
scene,1
sch,7
sched,9
scholars,2
school,14
schools,16
scitate,1
score,1
scores,2
scorn,2
scorned,1
scotland,5
scott,12
scr,3
scream,1
screamed,1
screaming,13
screen,6
screening,4
screens,1
screwed,2
se,958
sea,8
sealed,1
seams,1
search,2
seas,1
season,3
seats,2
sec,75
second,97
secondly,3
seconds,8
secret,6
secretary,23
secrets,4
section,3
sections,2
sector,2
sed,84
see,289
see;,1
seeded,1
seeing,9
seek,2
seem,1
seemed,2
seems,5
seen,114
sees,2
sef,1
segments,2
selectively,1
seless,2
self,37
sell,29
selling,18
sells,3
semi,1
semicond,2
sen,3
senate,12
senator,10
senators,13
send,44
sending,21
sends,7
sense,39
senseless,1
sent,29
sentence,5
separate,3
separately,3
separating,1
september,9
ser,2
sergeant,10
series,2
serio,34
sers,1
serta,1
serve,3
served,3
server,3
serves,2
service,10
servicemen,1
services,6
serving,1
ses,22
sessions,9
set,15
sets,7
setting,3
settle,5
settled,2
setts,4
seven,18
seven:,1
seventy,1
several,1
severely,1
sex,4
sexism,3
sh,62
shake,4
shaking,2
shall,1
shambles,1
shame,5
shamed,1
shape,13
share,7
shared,4
shareholders,1
shares,1
sharia,8
sharon,6
sharons,1
sharp,1
sharper,3
sharply,1
shaw,1
she,298
shed,9
sheriff,10
shes,3
she’d,2
she’ll,3
she’s,89
she…,1
shield,1
shing,6
ship,9
shipped,2
ships,21
shirts,2
shner,1
sho,185
shocked,3
shocking,2
shockingly,1
shoot,2
shooter,4
shooters,1
shooting,6
shop,2
shops,1
shores,3
short,10
shot,11
shots,3
shove,1
shoved,1
shovels,1
show,45
showed,13
shower,1
showing,5
shown,8
shows,12
shr,2
shrooming,1
sh’s,1
siasm,3
siastic,1
sic,6
sical,1
sicians,1
sick,7
side,30
sided,1
sidelines,1
sides,5
siege,6
sieve,1
sighed,2
sight,2
sign,30
signal,2
signals,1
signat,1
signed,31
significant,1
significantly,3
signing,11
signings,1
signs,4
silence,4
silent,14
silicon,1
silk,1
silly,1
sim,1
similar,3
simon,7
simple,29
simpler,3
simplification,2
simplify,2
simplifying,1
simply,3
since,31
siness,85
siness;,1
sinesses,13
sinessman,12
sinessmen,2
sinessperson,6
sing,27
singer,5
single,58
singling,1
sink,2
sion,1
sir,10
sister,1
sit,28
site,7
sites,1
sits,1
sitting,24
sive,1
six,33
six:,1
size,3
sized,1
skating,2
skeptical,1
skilled,1
skills,1
skin,2
skip,3
skipping,1
skits,1
sky,1
skyscrapers,2
sla,7
slate,2
sleaze,4
sleazy,1
sleep,2
sleeping,4
slightly,5
slim,13
slims,10
slims;,1
slipped,1
slogan,1
slower,1
slowest,1
slowly,1
sly,20
sm,1
smack,1
small,33
smaller,5
smart,89
smarten,1
smarter,7
smartest,13
smartness,2
smarts,1
smile,1
smiley,1
smiling,3
sn,1
snail,3
snake,13
sneak,1
sness,1
snl,1
snow,1
so,1655
soaring,1
soccer,6
social,26
socialist,1
society,15
sodomized,4
soft,2
softballs,2
softer,1
soil,3
sol,3
sold,5
soldiers,18
solely,1
solid,2
solidarity,4
solitarily,1
solve,9
solved,8
somali,2
somber,1
some,291
somebody,117
somebody’s,4
someday,7
somehow,4
someone,5
someone’s,1
someplace,7
something,188
something’s,2
something…,1
sometime,2
sometimes,13
somewhat,1
somewhere,1
son,10
song,1
sons,1
sony,5
soon,35
sooner,3
sophisticated,2
sorry,10
sort,48
sorts,7
soviet,2
space,5
spain,1
span,2
spanish;,1
speak,28
speaker,6
speakers,1
speaking,18
speaks,2
spec,1
special,65
specialists,1
specific,2
specifically,1
spectac,4
speech,54
speeches,16
speeches…i,1
spellbo,1
spend,41
spending,33
spends,4
spent,53
spewing,2
spigot,1
spin,5
spirit,12
spirits,1
spite,1
split,1
spoiled,1
spoke,11
spoken,2
sponsor,2
sports,2
spray,7
spread,6
spree,1
spring,2
spy,1
sq,4
ss,8
ss:,1
ssed,2
ssein,2
ssels,3
ssen,2
ssia,14
ssians,4
ssia’s,1
ssing,4
ssions,2
st,781
stab,1
stabbing,1
stability,3
stabilized,1
stadi,2
staff,6
staffers,2
stage,18
staged,2
stages,1
stagnant,1
stain,2
stainable,2
stake,1
stamina,2
stamp,1
stamped,1
stamps,2
stance,5
stand,29
standard,5
standard”,1
standing,14
stando,1
standpoint,10
stands,9
stanford,1
stars,2
start,73
started,79
starting,12
starts,10
starved,1
stat,14
state,78
stated,5
statement,36
statement;,1
statements,14
states,150
state’s,1
station,3
stations,1
statistic,3
statistically,3
statisticians,1
statistics,7
stats,3
stay,21
stayed,4
staying,5
stays,3
steal,3
stealing,2
stealth,2
sted,10
steel,10
steelworkers,2
steer,2
steinle,1
stem,1
step,2
stephanopo,1
steps,2
ster,8
sters,2
ster’s,1
steve,11
stice,11
stices,1
stick,2
sticking,1
stiff,2
stified,2
stify,3
still,28
sting,13
stly,1
stock,6
stole,3
stolen,2
stood,8
stop,73
stopped,6
stopping,6
stops,2
store,4
stores,3
stories,11
storming,1
story,74
story’s,1
str,8
straight,4
straighten,17
straightened,8
straightens,1
stralia,2
strange,1
strangling,2
strategic,2
strategies,1
strategy,4
street,25
streets,3
strength,23
strengthen,2
strengthening,1
stress,3
strial,2
stries,3
strike,5
strikes,1
strip,2
stripped,4
stroke,1
strong,75
strong;,1
stronger,12
strongest,3
strongly,22
stry,16
sty,1
swear,3
sweat,2
sweated,1
sweden,5
sweetheart,1
swenden,1
swerve,1
swirling,1
swiss,2
switch,1
switched,1
swoop,1
sy,2
sympathies,2
synagog,1
syndrome,1
syrac,1
syria,30
syrian,6
syrians,2
system,65
systematically,1
systems,2
t,3084
t;,2
ta,1
table,15
tackling,1
take,307
taken,63
takes,29
taking,62
tal,4
talent,8
talented,12
taliban,2
talk,169
talk;,1
talked,31
talker,1
talking,131
talks,22
taller,2
tally,2
tank,1
tanzania,1
tape,8
tapes,2
taping,1
tar,1
target,5
targeted,2
targets,2
tariff,5
tariffs,3
tation,1
tax,74
taxation,2
taxed,4
taxes,35
taxpayers,3
taylor,1
tched,1
tcomes,1
tdated,1
tdown,1
te,42
tea,13
teach,1
teachers,2
team,8
teams,1
tear,3
tears,2
technological,1
technology,1
ted,40
ted’s,3
teen,1
telem,2
teleprompter,2
teleprompters,6
television,65
televisions,6
tell,286
teller,3
telling,36
tells,5
tely,46
temperament,6
temporary,3
ten,2
tenant,4
tender,8
tennessee,13
tens,16
tensions,1
tent,1
tenth,2
ter,1
term,25
terminal,2
terminate,4
terminated,1
terminating,2
terms,37
terraza,2
terrible,51
terribly,3
terrific,21
territory,2
terror,13
terrorism,36
terrorist,15
terrorists,17
terrorist’s,1
ters,7
tes,18
test,3
testament,4
testify,2
testing,1
tests,1
texas,19
textbooks,1
tfit,1
th,108
than,293
thank,228
thanked,2
thankf,1
thanking,7
thanks,2
that,2361
that!,1
that:,1
that;,3
thats,1
that’d,1
that’ll,1
that’s,497
the,5913
theater,2
theatrical;,1
theft,6
their,277
them,582
theme,12
themselves,17
then,278
then;,1
theory,2
there,366
there!,2
there;,2
therefore,8
there’ll,1
there’s,115
there’ve,1
there…b,1
thern,6
these,420
thetory,1
they,2202
they;re,1
they’d,50
they’ll,67
they’re,678
they’ve,84
the–,1
thing,240
thing:,1
things,242
things;,1
things…,1
thing…i,1
think,625
thinking,33
thinks,6
third,29
thirdly,1
thirty,3
this,1015
this:,14
this;,2
tho,219
thorities,2
thority,1
thorizes,2
those,162
thread,1
threat,8
threatened,3
threatening,3
threatens,1
threats,4
three,68
three:,1
threw,4
thrilled,5
thriving,3
thro,98
throw,7
throwing,1
thrown,5
throws,1
ths,1
tical,2
ticking,2
tie,2
tied,2
ties,4
tif,76
tiffany,5
tight,1
tightly,1
tility,1
time,294
time;,1
timeless,1
timers,1
times,61
timid,1
timing,1
tin,12
tine,2
tinely,1
ting,4
tinge,1
tiny,7
tion,20
tional,1
tions,12
tired,17
tism,2
tistic,1
title,4
tive,22
tives,4
tlier,1
tline,1
to,5590
toad,1
today,80
todd,9
together,47
token,1
tokyo,1
told,48
tolerant,4
tom,10
tomatically,1
tomobile,3
tomobiles,1
tomorrow,16
tone,11
tonight,33
too,104
took,71
tool,4
tools,3
too—mr,1
top,38
topics,3
tops,3
tor,2
tore,3
torres,1
tort,2
toss,1
tossing,2
tot,1
total,49
totalitarianism,1
totally,77
toward,7
towards,3
tower,12
towns,2
toying,1
toys,1
tpo,1
tpp,14
tr,405
trace,6
track,3
tractor,5
tractors,7
trade,203
trademarked,2
trader,8
traders,1
trades,2
tradespeople,1
trading,1
tradition,2
traffic,1
trafficking,1
trage,1
trageo,1
trail,1
train,2
training,1
trains,3
trait,1
traitor,15
traitor;,1
trans,6
transaction,2
transactions,1
transpacific,2
transportation,1
travel,3
traveled,6
traveling,1
travelled,2
treas,3
treat,19
treated,44
treating,2
treatment,6
treaty,2
trees,1
tremendo,121
tried,9
trigger,4
trillion,84
trillions,19
trip,2
triple,2
trips,2
trivial,1
tro,22
trojan,3
troops,7
trophy,1
try,16
trying,44
ts,35
tsa,1
tshell,1
tside,27
tsider,5
tsmarting,1
tstanding,1
tt,2
tted,1
tter,6
tter;,1
tting,29
tton,1
tweak,1
tweet,3
tweeted,2
twenty,1
twice,3
twins,1
twisted,2
twitter,1
two,137
two:,1
ty,8
type,2
typo,2
tz,1
t…in,1
v,3
va,8
vac,1
vacation,4
vaccine,1
vaccines,2
val,18
valley,1
van,1
vanessa,1
vanished,1
variety,1
vario,13
vast,6
vastly,2
vatican,1
ve,75
veered,1
vegas,3
vehemently,2
vehicles,2
ven,1
vengeance,1
vent,1
verbally,2
verify,1
version,4
very,721
vet,9
vetdogs,1
veteran,7
veteran:,1
veterans,65
veterans’,4
veto,3
vetoed,1
vets,60
vetted,1
vetting,7
vibrant,2
vice,4
vicente,1
vicio,11
victim,1
victims,9
victories,18
victory,23
video,1
viet,1
vietnam,4
view,6
views,8
vigilant,8
vincente,1
violate,4
violated,2
violation,4
violations,2
violence,10
violent,2
virginia,6
virgins,1
virt,18
vis,1
visa,2
visas,4
vision,7
visions,1
visited,7
vital,4
vividly,1
vladimir,1
voice,2
voices,1
void,1
vol,3
vote,63
vote!,2
voted,9
voter,4
voters,8
votes,29
voting,8
w,1
wage,1
wages,8
waist,2
wait,36
waiting,18
waitlists,1
waits,5
wait’s,1
wake,2
waldorf,1
walk,22
walked,6
walker,11
walking,8
walks,4
wall,169
wall;,2
wallets,1
walls,10
wall’s,1
want,760
wanted,99
wanting,2
wants,65
war,40
wareho,1
warfare,1
warming,11
warned,2
warriors,11
wars,2
was,978
washer,4
washington,38
wasn,4
wasn’t,36
waste,25
wasted,5
wastef,2
wasting,2
watch,43
watched,32
watches,1
watching,37
water,7
water’s,1
wave,1
waves,1
waving,1
way,333
wayne,3
ways,15
we,2783
weak,15
weaken,1
weakened,2
weakening,2
weaker,3
weakest,1
weakness,6
weaknesses,1
wealth,13
wealthiest,1
wealthy,10
weapon,6
weapon;,1
weaponry,3
weapons,24
weapons;,1
wear,1
wearing,1
wears,2
weather,8
web,6
website,4
websites,2
wednesday,3
wee,1
week,41
weekend,4
weeks,50
weight,1
weirdest,1
welcome,3
welfare,1
well,276
went,108
were,207
weren,1
weren’t,13
were…b,1
west,10
western,7
we’d,21
we’ll,68
we’re,982
we’ve,138
whack,3
whacked,1
wharton,1
what,808
what:,1
whatever,28
whatsoever,3
what’s,137
wheat,1
wheelho,2
when,476
whenever,8
where,222
whereas,1
wherever,7
where’s,4
whether,41
which,197
while,48
while;,1
white,24
whitewater,1
who,319
whoa,2
whoa!,3
whoever,9
whole,84
whom,9
whose,8
who’ll,1
who’s,48
who’ve,1
why,175
wide,2
wielding,1
wife,25
wild,2
will,562
willing,8
win,275
win;,4
windchill,1
window,3
windy,1
winner,2
winning,61
winning;,1
wins,9
wipe,2
wiped,4
wipes,1
wires,2
wisconsin,24
wisconsin’s,1
wise,2
wisely,3
wish,13
wished,1
wit,1
with,944
withdraw,3
withering,2
within,11
witho,38
witness,1
witnessed,4
wives,2
wo,424
wolf,2
wollman,1
woman,46
woman!,2
woman:,3
women,38
women’s,2
won,110
wonder,14
wonderf,54
wont,1
won’t,85
woods,1
word,29
words,34
wore,2
work,120
work!,1
work;,1
worked,16
worked!,1
worker,9
workers,25
workers’,1
workforce,3
working,45
works,12
world,220
worldwide,1
world’s,5
worried,2
worry,20
worse,44
worships,1
worst,77
worth,22
wow,19
wow!,2
wrapped,1
wreaking,1
wrecking,1
write,20
writer,3
writers,2
writes,4
writing,9
written,5
wrong,55
wrote,23
wto,3
wynn,1
x,1
y,227
yale,2
yanked,1
yard,1
yay!,1
yeah,28
year,104
yearly,2
years,211
year…b,1
yelled,1
yellen,2
yemen,16
yen,6
yes,26
yesterday,31
yet,38
ying,10
yo,3802
york,41
yorkers,5
ys,90
ys;,1
y’s,4
z,53
zero,33
zeroes,2
zone,5
zones,6
z’s,2
–,1300
—,499
—like,1
—there,1
‘anchor,1
‘and,1
‘b,1
‘ca,2
‘donald,1
‘i,1
‘i’ll,1
‘merry,1
‘oh,2
‘one,1
‘take,3
‘the,1
‘the’,1
‘yo,2
’,12
’04,1
’16,3
’17,5
’d,21
’ll,34
’re,266
’tis,1
’ve,100
“expediency,1
“fix”,1
“gold,1
“in,1
“job,1
“leading,1
“the,2
“voted,1
”,5
…,3
…a,1
…and,3
…anyway,1
…b,2
…beca,1
…boy,1
…do,1
…i,4
…if,1
…it’s,2
…i’ll,2
…i’m,2
…let,1
…now,1
…oh,1
…so,3
…tell,1
…thank,1
…the,4
…then,1
…they’d,1
…think,1
…well,4
…yo,1
